milestone_id	date_utc	conversation_id	conversation_title	message_id	author_role	theme	source_excerpt_ru	derived_architecture_element	evidence_status
M-001	2026-05-31T05:40:47.499Z	6a1b0525-0e28-832d-8a72-b36ab2f05e6a	Анализ проекта на Аляске	bbb21f3d-cb7d-4398-8bd5-ac831c498f56	user	PROTOCOL_INSTRUCTION_ORIGIN	Геном - это система инструкций и протоколов, прикрывающих внешние воздействия через процедуры «экспрессии генов».	PROTOCOL_INSTRUCTION_SEPARATION	DIRECT_DIALOGUE_EVIDENCE
M-002	2026-05-31T05:55:45.560Z	6a1b0525-0e28-832d-8a72-b36ab2f05e6a	Анализ проекта на Аляске	d909a753-cfc8-43b7-9682-069ee4a21b00	assistant	ANTI_DOGMATIZATION	BOIS не является Теорией Всего. BOIS является попыткой построить метатеорию организации, которая потенциально может интегрировать множество существующих школ.	CLAIM_BOUNDARY	DIRECT_DIALOGUE_EVIDENCE
M-003	2026-05-31T06:42:05.559Z	6a1b0525-0e28-832d-8a72-b36ab2f05e6a	Анализ проекта на Аляске	bbb21f3f-a227-46fe-acef-cec302b41fc8	user	ADAPTIVE_PHYSIOLOGY	Это больше похоже на следствие. Организация не обязана быть оптимальной. Организация обязана быть способной становиться более оптимальной без разрушения собственной физиологии.	TH_ADAPTATION	DIRECT_DIALOGUE_EVIDENCE
M-004	2026-05-31T08:27:20.718Z	6a1b0525-0e28-832d-8a72-b36ab2f05e6a	Анализ проекта на Аляске	bbb216fe-bc7d-4d98-b156-f1d470e0414d	user	VALUE_HYPOTHESIS	Сам подход подталкивает к интерпретации экономики как игры с положительной суммой. Способность системы изменять собственное состояние в желаемом направлении.	H_POSITIVE_SUM_PRESSURE	DIRECT_DIALOGUE_EVIDENCE
M-005	2026-05-31T08:32:46.500Z	6a1b0525-0e28-832d-8a72-b36ab2f05e6a	Анализ проекта на Аляске	bbb21339-2320-4dc5-beae-e54368ff26c1	user	FORMAL_SELF_CONSISTENCY	Моя задача - взаимосогласованность машины. Как у математики.	CP_SELF_CONSISTENCY	DIRECT_DIALOGUE_EVIDENCE
M-006	2026-05-31T09:12:08.086Z	6a1b0525-0e28-832d-8a72-b36ab2f05e6a	Анализ проекта на Аляске	82ca9976-5e55-4d88-9c94-a89c76b1b0de	assistant	EXPERIENCE_TEST_LOOP	Первая серьёзная проверка BOIS: BOIS Core -> BOIS Audit Protocol -> доменная реализация -> исполнение -> аудит -> уточнение BOIS -> повторный аудит.	EXPERIENCE_AUDIT_LOOP	DIRECT_DIALOGUE_EVIDENCE
M-007	2026-06-01T02:05:57.044Z	6a1ce072-4570-832e-8e05-735ade2ec3ed	BOIS шаг 2	34b1ac6f-dd7d-4cf8-83af-8217d8f57d20	user	ATTENTION	Внимание двухфакторное: внимание от механизмов организационной системы инструктивно; с другой стороны - внимание активное, для протоколов. Внимание - способность связывать опыт с действиями.	H_ATTENTION_LIBERATION	DIRECT_DIALOGUE_EVIDENCE
M-008	2026-06-02T04:52:51.783Z	6a1e61a4-dc50-8331-a6cf-7808af661d0e	Тест 2	4d65bfb9-0126-4763-bca2-7a476c3696d3	user	SELF_TEST	Мне нужен максимальный анализ этой философской машины. Также тесты с отчётностью по этим тестам.	C10_ASSURANCE	DIRECT_DIALOGUE_EVIDENCE
M-009	2026-06-06T02:43:37.534Z	6a238786-6f80-83e8-9cb3-a780c9b41a2f	Философские машины	bbb217ff-b9d9-44d4-85ff-93130b6f6bd5	user	PHILOSOPHICAL_MACHINE_CLASS	Если BOIS + BORIS - это философская машина, то возможно ли построить другие философские машины, с другими свойствами?	M7_MACHINE_CLASS	DIRECT_DIALOGUE_EVIDENCE
M-010	2026-06-21T19:57:18.427Z	6a377521-7770-83e8-acf4-599845e3a15b	Разработка BOIS 7	d003fc83-269d-42aa-90fb-14ffbbf873b8	assistant	SOCRATES	SOCRATES лучше понимать как инженерную дисциплину сборки ИИ-систем, где программируется не «личность» модели, а её операционная физиология: объекты, свидетельства, агентность, инструменты, состояние, остановки, проверка и перенос в следующий цикл.	RUNTIME_PROFILE	DIRECT_DIALOGUE_EVIDENCE
