norm_id	document_id	section_id	page	formulation_sha256	page_text_match_status
N-GEN-001	01_BOIS_Base_Core_v2.22_EN.pdf	n-gen-001	6	ce0d2996525e2f6ced8ce2900dbd80ef0e6c25cbbc66bfef8982f71538b4653a	PASS
N-GEN-002	01_BOIS_Base_Core_v2.22_EN.pdf	n-gen-002	6	67ddf717041c8c7ddbb2f02c7e478466585292b80ce8d0e9853135f388504130	PASS
N-GEN-003	01_BOIS_Base_Core_v2.22_EN.pdf	n-gen-003	7	d816d668db30129ceee24d630eaba6d7bfd0b494f8601089f7b637e7dc3e415d	PASS
N-GEN-004	01_BOIS_Base_Core_v2.22_EN.pdf	n-gen-004	7	08a236babf0db73c54986791e57e8727828e66cb80ea62cf3e43cba0c007ed26	PASS
N-GEN-005	01_BOIS_Base_Core_v2.22_EN.pdf	n-gen-005	8	ed3a58e08a31840294a2d0d09f0add9db11eb4399b08dbe9e538d9c17302045c	PASS
N-GEN-006	01_BOIS_Base_Core_v2.22_EN.pdf	n-gen-006	8	5d05d39111cd722d8cdd36b880fc04dc3bed0d7f19f6017ecd5ab57284823d9b	PASS
N-GEN-007	01_BOIS_Base_Core_v2.22_EN.pdf	n-gen-007	9	2f1886d41204888a75508056a3e5441f038e8f4475014775ff8649f1d55d8983	PASS
N-GEN-008	01_BOIS_Base_Core_v2.22_EN.pdf	n-gen-008	9	80660c85b9c3507354618ff96a9806bd1a5dd15d5765a4e45b5aa5eb7eeb3944	PASS
N-GEN-009	01_BOIS_Base_Core_v2.22_EN.pdf	n-gen-009	10	b5e34e118fdcc722f138e7652ca5c3371abde721039253a6a5efc689ecc06193	PASS
N-GEN-010	01_BOIS_Base_Core_v2.22_EN.pdf	n-gen-010	10	8f321b84f518539c38b0d51db4d479044dd75c7437c92ce43ef8505f615958bb	PASS
N-GEN-011	01_BOIS_Base_Core_v2.22_EN.pdf	n-gen-011	11	dd8dce72aed2e1bb2ab68900205b784a51d4efc7e9ff5ba50ff4f08538e61a51	PASS
N-GEN-012	01_BOIS_Base_Core_v2.22_EN.pdf	n-gen-012	11	87ef979b7760f342684fa7f06413e8b8b03aca1b4c60fc9a53720a3c8bbe4621	PASS
N-GEN-013	01_BOIS_Base_Core_v2.22_EN.pdf	n-gen-013	12	a20976d51fd8ae39e2e902c943f537ffccc22db761d973efaedcb9c66e1391f4	PASS
N-GEN-014	01_BOIS_Base_Core_v2.22_EN.pdf	n-gen-014	12	e237d1faeca2ac7c4acdced53e2ee6731f29b104ccd2125c617dd0f901dbe962	PASS
N-GEN-015	01_BOIS_Base_Core_v2.22_EN.pdf	n-gen-015	13	8a1b805832ec54cea1a8853e89b5a0b1c72bb389d4a57e4cb9daf1b589285bbf	PASS
N-GEN-016	01_BOIS_Base_Core_v2.22_EN.pdf	n-gen-016	13	558bb559d49fdb24516a7a5a844b69ad408eb5d57fea0271f4cf4f6dc2b2c324	PASS
N-GEN-017	01_BOIS_Base_Core_v2.22_EN.pdf	n-gen-017	14	3649c11ecfc152657de480eccdb68c207fc766c59230a53dce7cd565bf1de946	PASS
N-GEN-018	01_BOIS_Base_Core_v2.22_EN.pdf	n-gen-018	14	af8caeea69d7db3d9121091fd1166accdfa607b33ca8ff6d6e6afc45742448c0	PASS
N-GEN-019	01_BOIS_Base_Core_v2.22_EN.pdf	n-gen-019	15	b8eaecd358eddd20b859152a641b57e2b074d4426e0817e13577a51395d9428c	PASS
N-GEN-020	01_BOIS_Base_Core_v2.22_EN.pdf	n-gen-020	15	a03512ba3fb92e008317690f099faae7014e45cb584fc6e70f677d38bb1b987a	PASS
N-GEN-021	01_BOIS_Base_Core_v2.22_EN.pdf	n-gen-021	16	86d9f9821b4228b2a6cea3ab2c0cf9d5bc9289dca526dc63c208a26a9144815a	PASS
N-GEN-022	01_BOIS_Base_Core_v2.22_EN.pdf	n-gen-022	16	d1f601cab91cc8fd28c0a405c66130fc11a4da686508653da6b5e9ec914c7b2f	PASS
N-GEN-023	01_BOIS_Base_Core_v2.22_EN.pdf	n-gen-023	17	236688bcfea3a933383127f3829420957d0ad4165552a2f953c1d563584636cd	PASS
N-GEN-024	01_BOIS_Base_Core_v2.22_EN.pdf	n-gen-024	17	9b7cbf6a9f9de0363d77f451ec599394798b9736af321063ae8ee9429583d0cb	PASS
N-GEN-025	01_BOIS_Base_Core_v2.22_EN.pdf	n-gen-025	18	d897f7a5bd2b1b64596b6af48bb64634ee9578cf1c263e806f60a9d6f199e3b2	PASS
N-GEN-026	01_BOIS_Base_Core_v2.22_EN.pdf	n-gen-026	18	c9eed62b2f61d732ba6c2e0b4e340029614f44e2cc1afbc3cfff27f3e4eeec58	PASS
N-GEN-027	01_BOIS_Base_Core_v2.22_EN.pdf	n-gen-027	19	a160a76f21fe786f8d239045c063c39c0d108f0b54633ffc7adb1ed992bdabc7	PASS
N-GEN-028	01_BOIS_Base_Core_v2.22_EN.pdf	n-gen-028	19	3fc226283fbe8fb3b60cbae1b1264af18d92914126a4084feefc1f05039323d9	PASS
N-GEN-029	01_BOIS_Base_Core_v2.22_EN.pdf	n-gen-029	20	a3ac2209882fdbbabba54b7e2666f5273536ededcb892ad5deb429803b9eec20	PASS
N-GEN-030	01_BOIS_Base_Core_v2.22_EN.pdf	n-gen-030	20	62f80676e5e9e6b306c0096e37b6b317bc9c473b8f13fca23f76d52b415b4c6a	PASS
N-GEN-031	01_BOIS_Base_Core_v2.22_EN.pdf	n-gen-031	21	6b01966276b7048b0faf1e704dc43feef5713c9a19aebc19f4aeba70f629731e	PASS
N-GEN-032	01_BOIS_Base_Core_v2.22_EN.pdf	n-gen-032	21	55288c7cd0b5a1fecbf184b4a0e176e32244c4659a4149a34b2d5e39a0aefd66	PASS
N-GEN-033	01_BOIS_Base_Core_v2.22_EN.pdf	n-gen-033	22	db4c0f0df220a27b8d49bdd85200d732490da5aefdddc0fa5162b42b6f6f5cab	PASS
N-GEN-034	01_BOIS_Base_Core_v2.22_EN.pdf	n-gen-034	22	0d8bd1dc67352fb030b964bd7d979b4f3b84a3dfd481c800f71da4e675285f72	PASS
N-GEN-035	01_BOIS_Base_Core_v2.22_EN.pdf	n-gen-035	23	8871e587cd6567a441548ea266318d7176ef848313734d35efca385dbc511fe2	PASS
N-GEN-036	01_BOIS_Base_Core_v2.22_EN.pdf	n-gen-036	23	643f75edc06df45c22083861b14360eafa0b57c6affdac337106466b356e3775	PASS
N-GEN-037	01_BOIS_Base_Core_v2.22_EN.pdf	n-gen-037	24	4301c12acde6040eb85b31eef8d05c9a8d7209a78794352f14611ddb4d6cbd5c	PASS
N-GEN-038	01_BOIS_Base_Core_v2.22_EN.pdf	n-gen-038	24	e997d3e5efd006d38279ef8141f4703979e10080fef3a5e6a2dc8895f732e193	PASS
N-GEN-039	01_BOIS_Base_Core_v2.22_EN.pdf	n-gen-039	25	4ecbdbbcc73c1f688cc45b04b9d9b158f64116218aed54e07c3a3098dec392e2	PASS
N-GEN-040	01_BOIS_Base_Core_v2.22_EN.pdf	n-gen-040	25	caccd8698520c1166f15c19b960ad68919dfa360455c3c11947ff1374d4414d3	PASS
N-GEN-041	01_BOIS_Base_Core_v2.22_EN.pdf	n-gen-041	26	e84125d960f5398f35fea52da373e92da330b6b4c550f67459d9954f7dfd628a	PASS
N-GEN-042	01_BOIS_Base_Core_v2.22_EN.pdf	n-gen-042	26	e7e61c6d7eac6ab4f1cfbdb992496be641ee4593ca69d889df172e5ac5a39b3b	PASS
N-GEN-043	01_BOIS_Base_Core_v2.22_EN.pdf	n-gen-043	27	53c665f458bc00aebda5cc069f7edb80cebfdbe8b237c58a633ade3230254f0f	PASS
N-GEN-044	01_BOIS_Base_Core_v2.22_EN.pdf	n-gen-044	27	1dad8c720d24a000e125069c2d16c00ff7e9186dbcfeaf58a0efa11c7f4e810f	PASS
N-GEN-045	01_BOIS_Base_Core_v2.22_EN.pdf	n-gen-045	28	873342c8fe5591f40f55faf046690d4681804ef566322ca0b2f728c9d4e4d5c4	PASS
N-GEN-046	01_BOIS_Base_Core_v2.22_EN.pdf	n-gen-046	28	77a007ca40d60e4bda4b1ad7947b46bab68cb11b8bdd68361f605109449b9743	PASS
N-GEN-047	01_BOIS_Base_Core_v2.22_EN.pdf	n-gen-047	29	79ea58204746f4447559abd45c5293ae5eec65a4c1245e4bae433b821840a905	PASS
N-GEN-048	01_BOIS_Base_Core_v2.22_EN.pdf	n-gen-048	29	8fbb2f1f394fea5bacc660b0c29c0ca06d396bbc3fb3ce107c227868158fadf2	PASS
N-GEN-049	01_BOIS_Base_Core_v2.22_EN.pdf	n-gen-049	30	37bb61916d392a8b4e7b37c222b261b546459531e7671c4ac71de1a5521a2d96	PASS
N-GEN-050	01_BOIS_Base_Core_v2.22_EN.pdf	n-gen-050	30	ea9c6ed07f3cb696fdbdfd55105292964131735eae0a94a2f0f70b44b0e7dc8a	PASS
N-GEN-051	01_BOIS_Base_Core_v2.22_EN.pdf	n-gen-051	31	d6c4c900284583608435f69b4d5ae35b717a79c44ebd6b211b8014f76f28f1e8	PASS
N-GEN-052	01_BOIS_Base_Core_v2.22_EN.pdf	n-gen-052	31	6317cb92ad6e86b65ff9b4299b134a75ae1287cbd8a4d9d6cf81ab23db067f5e	PASS
N-GEN-053	01_BOIS_Base_Core_v2.22_EN.pdf	n-gen-053	32	c96ac6166e4a977e609fafcb9ffe36bffe6162a12e6235f6ce2bed8ab392848d	PASS
N-GEN-054	01_BOIS_Base_Core_v2.22_EN.pdf	n-gen-054	32	44169d341031310798a6738ab637accd26e3e8c164a6cb0402f9a51c5776cd63	PASS
N-GEN-055	01_BOIS_Base_Core_v2.22_EN.pdf	n-gen-055	33	c9ef1227d004979d34734e2d2fc4ea8c77f090133e9613e7483dd73724b3c670	PASS
N-GEN-056	01_BOIS_Base_Core_v2.22_EN.pdf	n-gen-056	33	99ba1f5b07b3de8ae793c836923e310cbae07106c968a36634d3250094683e5a	PASS
N-GEN-057	01_BOIS_Base_Core_v2.22_EN.pdf	n-gen-057	34	2de7aa92986572614f73111bfa5433864dbd5cd99156547f637f7dc4d883c3ba	PASS
N-GEN-058	01_BOIS_Base_Core_v2.22_EN.pdf	n-gen-058	34	5681474f551d11c6afd5cd19ce8187fb83dadaf09071dfa2ab187e2f711c4b19	PASS
N-GEN-059	01_BOIS_Base_Core_v2.22_EN.pdf	n-gen-059	35	921df52189632e1eff8de6e851052a141843222b16d3eaf203a968e460fea0e8	PASS
N-GEN-060	01_BOIS_Base_Core_v2.22_EN.pdf	n-gen-060	35	8687041339ec40165b90fd80d9f7b5253e3e2d5e0e13df50db7f865a5679854e	PASS
N-GEN-061	01_BOIS_Base_Core_v2.22_EN.pdf	n-gen-061	36	2661925687500eccf2b978cd1bf06115130ac553693e5d964cbba4278bbb0300	PASS
N-GEN-062	01_BOIS_Base_Core_v2.22_EN.pdf	n-gen-062	36	95e44111fb8e51b032ef0488b6f7143747c82bb710cadd240c27beb827088fca	PASS
N-GEN-063	01_BOIS_Base_Core_v2.22_EN.pdf	n-gen-063	37	541ca1d8d88a35728a8b6bc5fe2c5b5f1b72cca1d01aac5397c9b95d9390079c	PASS
N-GEN-064	01_BOIS_Base_Core_v2.22_EN.pdf	n-gen-064	37	0f8be93473faeceb05c713d7a89060c8faabb15509032cdf21ac9e3b7ac3c715	PASS
N-GEN-065	01_BOIS_Base_Core_v2.22_EN.pdf	n-gen-065	38	9e984d5be8b367f6dc52558033401f4ca0bec022de2bbdcf625ab3fd855e55cc	PASS
N-GEN-066	01_BOIS_Base_Core_v2.22_EN.pdf	n-gen-066	38	1c2ff7c10bb99f93baa4ec230b210fae9188540411217d10a2ff1f119bb2dbd5	PASS
N-GEN-067	01_BOIS_Base_Core_v2.22_EN.pdf	n-gen-067	39	93794ea32f37f80f9f9b5c9ee8cbb0190c958ed6a24a754c0fca4b2637d5d310	PASS
N-GEN-068	01_BOIS_Base_Core_v2.22_EN.pdf	n-gen-068	39	f57f4530340c2bf23978d9569f0c3b424f9bf76ff40ca2cea2ab1b63b47fb13a	PASS
N-GEN-069	01_BOIS_Base_Core_v2.22_EN.pdf	n-gen-069	40	e93cd7d06f031630548de11838cfa9eb03d57e8207ff22ef0bc433b75954da61	PASS
N-GEN-070	01_BOIS_Base_Core_v2.22_EN.pdf	n-gen-070	40	2d31ae57f130be231f6418ed04e2987f556ec1589c6e83a038be417dc2557101	PASS
N-GEN-071	01_BOIS_Base_Core_v2.22_EN.pdf	n-gen-071	41	54a9f0f8179aab233825a3e584846103150643a6b73adbd10407c18ea33309ea	PASS
N-GEN-072	01_BOIS_Base_Core_v2.22_EN.pdf	n-gen-072	41	e528d84f2a5fabb0481ecc4bdce1c9eb7d5e74f68a65c2411bdf11cd6d7651a4	PASS
N-GEN-073	01_BOIS_Base_Core_v2.22_EN.pdf	n-gen-073	42	9dceb8dcb29d4e4efbc0c36fa9c80a65f7e1c60f16dfaf027ebb3006bac9e2f7	PASS
N-GEN-074	01_BOIS_Base_Core_v2.22_EN.pdf	n-gen-074	42	dc0c92e4ca9d5f58c550be1a6d4b25f70f422dc6e8db11f7fe86a20082605c57	PASS
N-GEN-075	01_BOIS_Base_Core_v2.22_EN.pdf	n-gen-075	43	b6edc475094e7f7fb717da9d699a7267d6e78d58b6489d66d89862e054c8d3f9	PASS
N-GEN-076	01_BOIS_Base_Core_v2.22_EN.pdf	n-gen-076	43	4590fe5f0c2962295ae619f09ca4cc79dc52bda4c1d09a7b3d17ddbe46d8deb1	PASS
N-GEN-077	01_BOIS_Base_Core_v2.22_EN.pdf	n-gen-077	44	15b9da1f42ea27e4baf1bf39215e747390981792609aeff8cac486ef877e9eee	PASS
N-GEN-078	01_BOIS_Base_Core_v2.22_EN.pdf	n-gen-078	44	30878d1815560e14c96f54b673ee6fc30785ccb02761bd3ee0e3401b915c85b4	PASS
N-GEN-079	01_BOIS_Base_Core_v2.22_EN.pdf	n-gen-079	45	f4b30ae2c3378a0ff315f7258c8e1c48051459e5a62ad71980dfe0641d720826	PASS
N-GEN-080	01_BOIS_Base_Core_v2.22_EN.pdf	n-gen-080	45	90ead7aafcafb850bef93f563b8f6e8a5501c6f04c55f8eea1c9ea60b475c239	PASS
N-GEN-081	01_BOIS_Base_Core_v2.22_EN.pdf	n-gen-081	46	36e1168da274d7ea4dccca6019a0a24ae011e09d69007d4ea12f4051bf4dfee5	PASS
N-GEN-082	01_BOIS_Base_Core_v2.22_EN.pdf	n-gen-082	46	23b43cb190cd7235f104712a169ccc3f2a874149fa3e7aafe6848d6ccd5c250b	PASS
N-GEN-083	01_BOIS_Base_Core_v2.22_EN.pdf	n-gen-083	47	40f59c688058cbea6f75a389ce5054acbf7066e5c2482928fcb32121748724e8	PASS
N-GEN-084	01_BOIS_Base_Core_v2.22_EN.pdf	n-gen-084	47	e56f9fed77042b7da69bb6a1777da8990eb7993d54714cc3a978b4013c6464d7	PASS
N-GEN-085	01_BOIS_Base_Core_v2.22_EN.pdf	n-gen-085	48	f9306734c972f3bd67f8be63408d161c014a902ffca2bccb83de81bc652ec979	PASS
N-GEN-086	01_BOIS_Base_Core_v2.22_EN.pdf	n-gen-086	48	5c63f704e75774cfc15d8d5d49b6f9a6984c0c62dd3213844dec86b7bd4972f6	PASS
N-GEN-087	01_BOIS_Base_Core_v2.22_EN.pdf	n-gen-087	49	f2bb7bb8041ff2226baec5ea870f9a2a593c4f1384cd9ab19a6f660805997725	PASS
N-GEN-088	01_BOIS_Base_Core_v2.22_EN.pdf	n-gen-088	49	3cbbe2ab6f2f99e453331b24101bc734b209825efc27ef7db62c72e9cfd2c11e	PASS
N-GEN-089	01_BOIS_Base_Core_v2.22_EN.pdf	n-gen-089	50	98e765006e093936b737ec99df8fb755db923058c40b45bd2f833aa99a54aaab	PASS
N-GEN-090	01_BOIS_Base_Core_v2.22_EN.pdf	n-gen-090	50	0c5601c96ddc1e3208f3ec1c19c95564315c61bd44acaa97a56f3fb1fdbf1c8c	PASS
N-GEN-091	01_BOIS_Base_Core_v2.22_EN.pdf	n-gen-091	51	89f735464fd366beb5e93e8aaac9450f2729033a4e6e931ef19837e3136f812a	PASS
N-GEN-092	01_BOIS_Base_Core_v2.22_EN.pdf	n-gen-092	51	35d7552cbc7d13e4487300a4cdaba6c3a94ebf6092a21921fc67d00c2daf3ff6	PASS
N-GEN-093	01_BOIS_Base_Core_v2.22_EN.pdf	n-gen-093	52	642dc6aee65b303674146499a0674dbc08e6c5994ad4cabf1a8e633262626721	PASS
N-GEN-094	01_BOIS_Base_Core_v2.22_EN.pdf	n-gen-094	52	1fe0ab6e3e2ce19cca327e7b329772ff118e07c081e05315c797ed0e786bbc06	PASS
N-GEN-095	01_BOIS_Base_Core_v2.22_EN.pdf	n-gen-095	53	6f42626114361404a4914ee4893ee78948f6d317a3978aea8b8d4fc14fcbdcb6	PASS
N-GEN-096	01_BOIS_Base_Core_v2.22_EN.pdf	n-gen-096	53	ce0458e4d88cd1fd191d2792875fff7aa01931274caf4f77bfa359eefc80ddb1	PASS
N-GEN-097	01_BOIS_Base_Core_v2.22_EN.pdf	n-gen-097	54	9d2ed4ac907d36f85c79789580d8124ba903f7a16e0aa92b4e04ee996c419022	PASS
N-O001-01	01_BOIS_Base_Core_v2.22_EN.pdf	n-o001-01	54	547fa8e508ea47e88e6466c3c0e01c8eb28ce871f4503130d4e2ff78a473fcca	PASS
N-O001-02	01_BOIS_Base_Core_v2.22_EN.pdf	n-o001-02	55	7079c314740ab3f657b02273c40105f871e7201191471b1e7f1c631028d78a85	PASS
N-O001-03	01_BOIS_Base_Core_v2.22_EN.pdf	n-o001-03	55	35b4149e1e1b4a80b91b3f136d6024b6789f438e23f1666314220fee176c598e	PASS
N-O001-04	01_BOIS_Base_Core_v2.22_EN.pdf	n-o001-04	56	45733d1970985f1ede219885291f3a17f33b413c9fc716c12f4b83be33770eb2	PASS
N-O001-05	01_BOIS_Base_Core_v2.22_EN.pdf	n-o001-05	56	75e3baccd384ead4b07a666facb3ca0eff4c1a21185b6e4c1bd32479b535568b	PASS
N-O001-06	01_BOIS_Base_Core_v2.22_EN.pdf	n-o001-06	57	4a832180df6d6ab2213609cb1ea29c1ecb04556225809fb663670d51bb17372a	PASS
N-O001-07	01_BOIS_Base_Core_v2.22_EN.pdf	n-o001-07	57	c25b06490440ddfba14bceb13b67d7c6b7028c656eeb9b301d51955290f0d5b9	PASS
N-O001-10	01_BOIS_Base_Core_v2.22_EN.pdf	n-o001-10	58	85a139d9d5ad456705c06fc427da1561bcf4b2a098302b9ecdcb917aea9f1211	PASS
N-O002-01	01_BOIS_Base_Core_v2.22_EN.pdf	n-o002-01	58	bd13729dfbc1fda17d100c03e2bda6a17850ce0b9b2305a48b71433112648a08	PASS
N-O002-02	01_BOIS_Base_Core_v2.22_EN.pdf	n-o002-02	59	3cec1fd99d4021d9ecdc6651450a7d93a0ad4f3c91dcceadf48c066af17a1911	PASS
N-O002-03	01_BOIS_Base_Core_v2.22_EN.pdf	n-o002-03	59	177b7374e2c5d3fcdbe32d075e6578364d4f2fa398c5764e3308d00c6b2dc334	PASS
N-O002-04	01_BOIS_Base_Core_v2.22_EN.pdf	n-o002-04	60	b5da96ea2adfe2ff66d07bd98dc7f284717197de34252b55157fc3600c458ef6	PASS
N-O002-05	01_BOIS_Base_Core_v2.22_EN.pdf	n-o002-05	60	d172cb8d043883b7a55bd7b71689b4fcce5838c8ebc805898cb268ac398f186a	PASS
N-O002-06	01_BOIS_Base_Core_v2.22_EN.pdf	n-o002-06	61	9ab693e1cc0289862e3826b94af27e7845e5d3da11eda8970445db214830f2d4	PASS
N-O002-07	01_BOIS_Base_Core_v2.22_EN.pdf	n-o002-07	61	bd0d59dbe033e4117ba04e24d6562d968962a31918089513a75d0879fb8754bd	PASS
N-O002-10	01_BOIS_Base_Core_v2.22_EN.pdf	n-o002-10	62	c6d0dc9a752531e2f245ae1450dc5bbf4d939fddce0b5ddbed1f0c31035fc133	PASS
N-O003-01	01_BOIS_Base_Core_v2.22_EN.pdf	n-o003-01	62	482a2e5b68fff86fff1b09f37f8a629e899808afd01c09a3f73ccd5bdfe6d6b0	PASS
N-O003-02	01_BOIS_Base_Core_v2.22_EN.pdf	n-o003-02	63	6687a8d69ec888b73cddb1549524870f3c4b3fa24b4090a1a876646cdf75010d	PASS
N-O003-03	01_BOIS_Base_Core_v2.22_EN.pdf	n-o003-03	63	c96237da105ff8addf4a7a20308fbea4317042b383d08d97e5c8ec8abe9bfa9b	PASS
N-O003-04	01_BOIS_Base_Core_v2.22_EN.pdf	n-o003-04	64	dbfee747297c6ff4ea12d103698285362955ffbebf6f0b77a953a7493335c975	PASS
N-O003-05	01_BOIS_Base_Core_v2.22_EN.pdf	n-o003-05	64	f7c439ce2974a3d3d8e96409014bc52cd442dd25de49ac9fd049a83561b839e0	PASS
N-O003-06	01_BOIS_Base_Core_v2.22_EN.pdf	n-o003-06	65	12884122bf4c20603c34f15b6c52b8f283ce92148da79d45d2d17834322de53e	PASS
N-O003-07	01_BOIS_Base_Core_v2.22_EN.pdf	n-o003-07	65	ad1dabd54d160c7b8c03075a88c720b76de7f14eb5b30963fd4a48d156997665	PASS
N-O003-10	01_BOIS_Base_Core_v2.22_EN.pdf	n-o003-10	66	7cf5f7df442ad9c3251308915bc6de9a0b8c667e249a7f837066a1b9d95ad2b2	PASS
N-O004-01	01_BOIS_Base_Core_v2.22_EN.pdf	n-o004-01	66	1c206b83114e0d5915bcde1fb59db8a59dd692379d3c397ba75a42ba42f31b16	PASS
N-O004-02	01_BOIS_Base_Core_v2.22_EN.pdf	n-o004-02	67	20362a0915e7c8d551699e34b762298de48fdcd96ec9c08567884d899d1da485	PASS
N-O004-03	01_BOIS_Base_Core_v2.22_EN.pdf	n-o004-03	67	8171ac5a63ac47f2440670b307423d0341bf93efa32811de6c19e5fa4299cfdd	PASS
N-O004-04	01_BOIS_Base_Core_v2.22_EN.pdf	n-o004-04	68	008aa27965e301c0b0e09920c9b89a79b4e05a619f4d567c466e8626cd41fd48	PASS
N-O004-05	01_BOIS_Base_Core_v2.22_EN.pdf	n-o004-05	68	eaa1985907a895034dfa9ec6cee5234ee68bcfaa0454b5e19b152967745c9080	PASS
N-O004-06	01_BOIS_Base_Core_v2.22_EN.pdf	n-o004-06	69	791cf5d09fce8287bb1d978d13558a8a51b472c6de84352b85d18239d8d272c3	PASS
N-O004-07	01_BOIS_Base_Core_v2.22_EN.pdf	n-o004-07	69	74fbe8da244bf37c5f865c83ff209011611c5afb51dc760a5b3054ed8ab68e6c	PASS
N-O004-10	01_BOIS_Base_Core_v2.22_EN.pdf	n-o004-10	70	2e72e510d516793519a9fe0fbaaee1b7555e3f81098914d0be36f7d02b429824	PASS
N-O005-01	01_BOIS_Base_Core_v2.22_EN.pdf	n-o005-01	70	b0208c62f79afb12ec539638cefcb65ab3c3a01158dab64ece59b3773ce9601f	PASS
N-O005-02	01_BOIS_Base_Core_v2.22_EN.pdf	n-o005-02	71	bbf1e33bfb2431698d2acf4bdf965a27b6c8643b1559cd14d64e3ac424f3cd89	PASS
N-O005-03	01_BOIS_Base_Core_v2.22_EN.pdf	n-o005-03	71	610acf9ba42fd77fd9f36f0b5dc7a953eed4cecfde1c41702960f24196b3c4b3	PASS
N-O005-04	01_BOIS_Base_Core_v2.22_EN.pdf	n-o005-04	72	8602647772261e57822e3bc8c5ba3e94f5bbe66e9bc85755301daf22d0ac9895	PASS
N-O005-05	01_BOIS_Base_Core_v2.22_EN.pdf	n-o005-05	72	16854897bf68136db47b7e5bc5eed21ac0f16fd73203b409bc23731aefe8cabf	PASS
N-O005-06	01_BOIS_Base_Core_v2.22_EN.pdf	n-o005-06	73	6c592ee11681b15d2fb033ea545260fbc1137462954e288494780939bbd587fb	PASS
N-O005-07	01_BOIS_Base_Core_v2.22_EN.pdf	n-o005-07	73	63b3403551a81d3a11fc78176c4123975b60cfc122f33f3e7c860049b07d272d	PASS
N-O005-10	01_BOIS_Base_Core_v2.22_EN.pdf	n-o005-10	74	31d15b646eeeddfb29f5db79c799d641eb5182d8493fae78f9b37535580219ad	PASS
N-O006-01	01_BOIS_Base_Core_v2.22_EN.pdf	n-o006-01	74	86fba3bbd48254599c2b6389efe7041dd61bdbcb50b63c98d3ce4899a3c5bcab	PASS
N-O006-02	01_BOIS_Base_Core_v2.22_EN.pdf	n-o006-02	75	2acd0ed597dfb917eae014b87b108ae6839160e87d6e8322db0ba91f521f5fcd	PASS
N-O006-03	01_BOIS_Base_Core_v2.22_EN.pdf	n-o006-03	75	4872e0415cb175772450541141fbf951afd012e975c89bf08ba0184b26fe5052	PASS
N-O006-04	01_BOIS_Base_Core_v2.22_EN.pdf	n-o006-04	76	68ca6896a438dcc832d90ed02248d4deb462bfba6b83563eb7a703687a918567	PASS
N-O006-05	01_BOIS_Base_Core_v2.22_EN.pdf	n-o006-05	76	ab7991c063fc16c6d5e2fb9a54983f40d2d75084f49a28cf9fad764df5f954a5	PASS
N-O006-06	01_BOIS_Base_Core_v2.22_EN.pdf	n-o006-06	77	948a0b1e33d131cc90d28119ae934abcdc9660ce7c5a741456066a93122e300b	PASS
N-O006-07	01_BOIS_Base_Core_v2.22_EN.pdf	n-o006-07	77	f95740ed3fa04fac73549fcfc9919580f4631534b644e4c45ba9ad32f5cfb0c6	PASS
N-O006-10	01_BOIS_Base_Core_v2.22_EN.pdf	n-o006-10	78	74bfdc6e0d48c6957443553100545cc46fa274d6a1b97d7f1aa9154229c7371e	PASS
N-O007-01	01_BOIS_Base_Core_v2.22_EN.pdf	n-o007-01	78	3bd83acfe4e6c504de9f5908e9a495bb923a41c538d65286e815995802345907	PASS
N-O007-02	01_BOIS_Base_Core_v2.22_EN.pdf	n-o007-02	79	ea038169284d4e78e8c6aeb8fbc5861f24882d3ede6d8e5c07a83148578ad487	PASS
N-O007-03	01_BOIS_Base_Core_v2.22_EN.pdf	n-o007-03	79	f9909cc5e511c068f6acb4b6d1dd664322d94f966cb2639ae9b9ec59a88a233e	PASS
N-O007-04	01_BOIS_Base_Core_v2.22_EN.pdf	n-o007-04	80	5c79946b4c042244076a313f0de64b476b5cbebec35a8b4117866c543e23af96	PASS
N-O007-05	01_BOIS_Base_Core_v2.22_EN.pdf	n-o007-05	80	edd530dea518d0b7971243ee7a49bd478636ba2d1301c78c1694667e33f9aaac	PASS
N-O007-06	01_BOIS_Base_Core_v2.22_EN.pdf	n-o007-06	81	96607d73db7f895b08d82f7c8103434de26808dc41cabc860888f26d18c37d33	PASS
N-O007-07	01_BOIS_Base_Core_v2.22_EN.pdf	n-o007-07	81	c6d38ecfcce7e73f9af6fab43bd3ef14fa847fb4531ed64697af3026618bf543	PASS
N-O007-10	01_BOIS_Base_Core_v2.22_EN.pdf	n-o007-10	82	885829ad365483b73d87150c3a35376b5de4a8eb45f1e1b3e53ad94d2d4d7f06	PASS
N-O008-01	01_BOIS_Base_Core_v2.22_EN.pdf	n-o008-01	82	00926fdef64b81b6a014470fb73c8190461d8cf390f73a607ed4eb216945997c	PASS
N-O008-02	01_BOIS_Base_Core_v2.22_EN.pdf	n-o008-02	83	f0e96b76d441f7b0275c3f920c51b79aed51a16df6d2baf3166ee4831e972d21	PASS
N-O008-03	01_BOIS_Base_Core_v2.22_EN.pdf	n-o008-03	83	92bdb40567310f768c06b2f89ae047cfe94e2a26431823af1ff7e54315b14e65	PASS
N-O008-04	01_BOIS_Base_Core_v2.22_EN.pdf	n-o008-04	83	7bd3c245f8c1c4129ebb6b2f5007bc9bece02a67990069167a85467ade294d53	PASS
N-O008-05	01_BOIS_Base_Core_v2.22_EN.pdf	n-o008-05	84	a2209670b7f0329a7739868f93c2e5e6a330b1afbcce0d81d118db14c656adea	PASS
N-O008-06	01_BOIS_Base_Core_v2.22_EN.pdf	n-o008-06	84	dbffa3c84b72812fa873b504ba03082a6482c704784562a4beb33a0ccab8789a	PASS
N-O008-07	01_BOIS_Base_Core_v2.22_EN.pdf	n-o008-07	85	f5e6b6850bfca057e74659d4b81700a18cce364ed5cecc6d168532e5918359f7	PASS
N-O008-10	01_BOIS_Base_Core_v2.22_EN.pdf	n-o008-10	85	16dce38b7f614dcf684b846efd48942efdd3f18bcdadd107ca6e99c6781f2b9b	PASS
N-O009-01	01_BOIS_Base_Core_v2.22_EN.pdf	n-o009-01	86	a36240fc1dd7f2bedf57d709353280e3ec7b009858a862b316b6541de41640be	PASS
N-O009-02	01_BOIS_Base_Core_v2.22_EN.pdf	n-o009-02	86	6b2fe7449dcc417598dca97f6c588d9de5a4bbf87e2dab43c271a97338671e97	PASS
N-O009-03	01_BOIS_Base_Core_v2.22_EN.pdf	n-o009-03	87	2f72caaa64dcb53a35b1f9356364b90d879ae5f9db69f4d6227b6d74da85ccdb	PASS
N-O009-04	01_BOIS_Base_Core_v2.22_EN.pdf	n-o009-04	87	d4c0cf637447a9ed235c4c05a2e56dcaf871132a93891f65b7711cb11a5bf1fa	PASS
N-O009-05	01_BOIS_Base_Core_v2.22_EN.pdf	n-o009-05	88	c666197407172a8f8edfa22e299fedea376e5a99f0638a24853698415f45c1e5	PASS
N-O009-06	01_BOIS_Base_Core_v2.22_EN.pdf	n-o009-06	88	1ef9127109222b53c2902716db800217bdc7b077c287c2ac28044e7d8bc58678	PASS
N-O009-07	01_BOIS_Base_Core_v2.22_EN.pdf	n-o009-07	89	75588f08c1d4754faf113821b0c2d8ec12cc41e4eee49f4c00a2a1c876bb5922	PASS
N-O009-10	01_BOIS_Base_Core_v2.22_EN.pdf	n-o009-10	89	f1b7c9edfc186e7cafeca9b908b00be45f5d8be1c789f9cec9ab1ea1bb152f35	PASS
N-O010-01	01_BOIS_Base_Core_v2.22_EN.pdf	n-o010-01	90	3e45f02f40c300f70848fdff2348ab22e946c773f36c9f828ef0da48df02a06e	PASS
N-O010-02	01_BOIS_Base_Core_v2.22_EN.pdf	n-o010-02	90	df71a4223306ecb00d9ce5492f0fe8a57db070350ee24d699f242e5bf5bf5d23	PASS
N-O010-03	01_BOIS_Base_Core_v2.22_EN.pdf	n-o010-03	91	6e89d242d92474483e55d4add3a038cc6ab4ac9406fc85f38f2decc02323d3a9	PASS
N-O010-04	01_BOIS_Base_Core_v2.22_EN.pdf	n-o010-04	91	eabd2264fecd1a70f99f0f1b6d4768201a3120f1c1661ac86d4e4a8e9a4ea7c0	PASS
N-O010-05	01_BOIS_Base_Core_v2.22_EN.pdf	n-o010-05	92	bbf7906750d36f2975eee50d7e120875eecbcbdd9459ffe5410826e024459b03	PASS
N-O010-06	01_BOIS_Base_Core_v2.22_EN.pdf	n-o010-06	92	cf3df373eade7bd21d532e6678fdc68f644c547537e0f0c5475349c03339baf0	PASS
N-O010-07	01_BOIS_Base_Core_v2.22_EN.pdf	n-o010-07	93	5c530cfdb1584c204ec1d061299b031cd99f12ababa0c4f19ee5b8e41df1f0b8	PASS
N-O010-10	01_BOIS_Base_Core_v2.22_EN.pdf	n-o010-10	93	3a3b2585c540e40c3d9eb2097d00146f29b075ae81e9a0bb2ad88cea36805d8a	PASS
N-O011-01	01_BOIS_Base_Core_v2.22_EN.pdf	n-o011-01	94	5db407997d7f730a1b8832bbdf53b00976ecb5c96feca1ff05965d6c12175847	PASS
N-O011-02	01_BOIS_Base_Core_v2.22_EN.pdf	n-o011-02	94	b6a6d818835f7fded7084112691431231c0003b64d534e48b298e9a0e2dbfb80	PASS
N-O011-03	01_BOIS_Base_Core_v2.22_EN.pdf	n-o011-03	95	43d7001a17a6a8493b99e064ee2bf06cb54c4b0b3aefffdf67cb6f4e5166214f	PASS
N-O011-04	01_BOIS_Base_Core_v2.22_EN.pdf	n-o011-04	95	a3ed8c9fcdd1f9564a09db85dfc3a1e72c3536531be626ee989d691ca19e1b57	PASS
N-O011-05	01_BOIS_Base_Core_v2.22_EN.pdf	n-o011-05	96	7b46b164f33421c9b4e01650e08171b65a480377d837d1ff62b69bebd8fe04e7	PASS
N-O011-06	01_BOIS_Base_Core_v2.22_EN.pdf	n-o011-06	96	ffe932815ecbec8c6f1838b4ae02eab0762222ac688ff0f7450d9aac65b7c1f7	PASS
N-O011-07	01_BOIS_Base_Core_v2.22_EN.pdf	n-o011-07	97	f3b35e79db9fee76992cd529de580f67cfb916f6077a03460b05b4e650ae8e2d	PASS
N-O011-10	01_BOIS_Base_Core_v2.22_EN.pdf	n-o011-10	97	8a2d454a49b53a94fbceaa2e3b243c36ad7963fd46962f1ca40b8ffd5f117790	PASS
N-O012-01	01_BOIS_Base_Core_v2.22_EN.pdf	n-o012-01	98	f6af32711716bd13e722da641802e3e8cb840def12efbd228d89032f66b96ddb	PASS
N-O012-02	01_BOIS_Base_Core_v2.22_EN.pdf	n-o012-02	98	fa0f20bb811f7ce931929fff9d5f2957af13120be6a342c459c580519bd7106a	PASS
N-O012-03	01_BOIS_Base_Core_v2.22_EN.pdf	n-o012-03	99	aa6ebd6ed9a414b337c004057e7eb6036a212ef05069610923a4ab268646df2a	PASS
N-O012-04	01_BOIS_Base_Core_v2.22_EN.pdf	n-o012-04	99	4121ecf639285dfc87cf772e550dd9cc19a0369bfe464ba690e15ec8acf2e948	PASS
N-O012-05	01_BOIS_Base_Core_v2.22_EN.pdf	n-o012-05	100	c75f480349869fd0207100b8dd8f249a61c61e6fa82c215fce59788da539f279	PASS
N-O012-06	01_BOIS_Base_Core_v2.22_EN.pdf	n-o012-06	100	305132a8a65ce2616b0fcf82b300158a07fb3cfccd50fa694fbe0192cc3e9aba	PASS
N-O012-07	01_BOIS_Base_Core_v2.22_EN.pdf	n-o012-07	101	9c541119de66031db5e933dafddbb512667484df1553a864ddfa3a3fcd0e9bbb	PASS
N-O012-10	01_BOIS_Base_Core_v2.22_EN.pdf	n-o012-10	101	09157ee9cef40adf8938f268c84a60b09f934d5c314d409a33a4f6244b697d98	PASS
N-O013-01	01_BOIS_Base_Core_v2.22_EN.pdf	n-o013-01	102	90e673b7771f94db5fafbb2d9037b0de277c6b10c9f577d50aea09c07fb819a6	PASS
N-O013-02	01_BOIS_Base_Core_v2.22_EN.pdf	n-o013-02	102	903a32ff9cc7563da947f177ecee35593785f0e6a9d911a91a8232b4d7636218	PASS
N-O013-03	01_BOIS_Base_Core_v2.22_EN.pdf	n-o013-03	103	ca07125a485099985bf390f36d836468282926ed666513b0880afd69242f1962	PASS
N-O013-04	01_BOIS_Base_Core_v2.22_EN.pdf	n-o013-04	103	9de1c241ef9ab1ff06af09ccedac9bcd569abc06c9b0bf27dfa23c8c1da11edf	PASS
N-O013-05	01_BOIS_Base_Core_v2.22_EN.pdf	n-o013-05	104	cd2851bd28b4da1b4dbc48d47619befe9ab31aba1e69975373bdb744e28e3cda	PASS
N-O013-06	01_BOIS_Base_Core_v2.22_EN.pdf	n-o013-06	104	cdca6af1fc91836501a07d6aebc8b04f5842fd89a19649eaede02deff9eef8d1	PASS
N-O013-07	01_BOIS_Base_Core_v2.22_EN.pdf	n-o013-07	105	774234c4cb7b2bacbd9c2b329b3266f4cf719389a74359a81b7f659d70c77a59	PASS
N-O013-10	01_BOIS_Base_Core_v2.22_EN.pdf	n-o013-10	105	b503698f6f941df2c20468e2115c5e2ec05f8367c9e839c324b505b7aaa0bc10	PASS
N-O014-01	01_BOIS_Base_Core_v2.22_EN.pdf	n-o014-01	106	99bc794fced611e5512dded406f68c9c74e87ddc98d901a79a07d42f36af61bd	PASS
N-O014-02	01_BOIS_Base_Core_v2.22_EN.pdf	n-o014-02	106	110893e202a7c0bfa165cfda52408a3f05e3f3bafc095aebb87ff14be88ffe81	PASS
N-O014-03	01_BOIS_Base_Core_v2.22_EN.pdf	n-o014-03	107	0ed080f8f4ade63a200eb2e06bc8c98887c3a07cb89ac414ab0f75cdd04e901f	PASS
N-O014-04	01_BOIS_Base_Core_v2.22_EN.pdf	n-o014-04	107	a2dcc4a2924e745590398cf0c9b268b73a3fb09d67e00f5fc1826c570c8cf05f	PASS
N-O014-05	01_BOIS_Base_Core_v2.22_EN.pdf	n-o014-05	108	54a04b3af5134372c441982efdb98c8247170f2b7fe497551ed39a83195225d1	PASS
N-O014-06	01_BOIS_Base_Core_v2.22_EN.pdf	n-o014-06	108	9fa385eb1d5fcce553387e0bdb34ea7c15a08eb2858a40a43dc4513f7e346b56	PASS
N-O014-07	01_BOIS_Base_Core_v2.22_EN.pdf	n-o014-07	109	7a566adb803772c3b04647dca9a86264a4bc2c3c46ae5b05a1f2b51ddd35117c	PASS
N-O014-10	01_BOIS_Base_Core_v2.22_EN.pdf	n-o014-10	109	9120ed127c40ecb604b55e1c55261bcc60990ef1b726d302f5d2d7e818ee4f71	PASS
N-O015-01	01_BOIS_Base_Core_v2.22_EN.pdf	n-o015-01	110	c6306329d5e98d8613fa44d2707b0bdc2a516f56b6bcc3b2771b09f43bd4c2ff	PASS
N-O015-02	01_BOIS_Base_Core_v2.22_EN.pdf	n-o015-02	110	54c0fff616b884de200929711f611fabc0b98f36addcfde2a8d81afb6d4a9946	PASS
N-O015-03	01_BOIS_Base_Core_v2.22_EN.pdf	n-o015-03	111	402b7a1dabc6eb32a70b0f14d911fa735cb9ebf1fccd450ba4a2d685840027ed	PASS
N-O015-04	01_BOIS_Base_Core_v2.22_EN.pdf	n-o015-04	111	1ef5f0b97db85cee16e7d41461520097782c9f79f2739be87d640d8d1cad5441	PASS
N-O015-05	01_BOIS_Base_Core_v2.22_EN.pdf	n-o015-05	112	655ed9dc6abce10b41020a62369e321ec7f28ccd79fcc236bba3d9c6df9a7ced	PASS
N-O015-06	01_BOIS_Base_Core_v2.22_EN.pdf	n-o015-06	112	2d166b3153428c9f48a92065d9f2220d464d5a4374adf9767a3d20dc5a539938	PASS
N-O015-07	01_BOIS_Base_Core_v2.22_EN.pdf	n-o015-07	113	1027b02adf9c911d3264164a41c778bead57e7bb83312f49662a12fac090ded0	PASS
N-O015-10	01_BOIS_Base_Core_v2.22_EN.pdf	n-o015-10	113	60f26627bd2f865c2a0144fdbc7a9119a22f1b366a959a8ebd9db5aba08696e0	PASS
N-O016-01	01_BOIS_Base_Core_v2.22_EN.pdf	n-o016-01	114	2f04d837191cce010a60ee25519b610a4738215ac9350cedaf5033d6fa24fda6	PASS
N-O016-02	01_BOIS_Base_Core_v2.22_EN.pdf	n-o016-02	114	f225b8701cd89371db28714f3f9f1a38d8436ba10b29d7bc44c88c89cd04a3af	PASS
N-O016-03	01_BOIS_Base_Core_v2.22_EN.pdf	n-o016-03	115	d2138b4f875d80381f1682d93232f6d74d4c31e869769bb08d9d3edff7945866	PASS
N-O016-04	01_BOIS_Base_Core_v2.22_EN.pdf	n-o016-04	115	a54cd8951dfa48ca14856cd2016fe70224429be2913cf209da898d495bfdc66e	PASS
N-O016-05	01_BOIS_Base_Core_v2.22_EN.pdf	n-o016-05	116	35a3e05df93078b09efe1d1446652795e92807f0886d777d156bacfaa81d1238	PASS
N-O016-06	01_BOIS_Base_Core_v2.22_EN.pdf	n-o016-06	116	46dc6c6d5172abf54c4a4f487d065e1b7b874c0124b9bdfe876ee43e61a69b09	PASS
N-O016-07	01_BOIS_Base_Core_v2.22_EN.pdf	n-o016-07	117	b4fb919533751112060c805558ad0463d0347310f9e2aca31d0c71e2836525fe	PASS
N-O016-10	01_BOIS_Base_Core_v2.22_EN.pdf	n-o016-10	117	d45b850f4a66f31821f5191adb2a68b6edae67aa56861c6f8be0c5826f45d709	PASS
N-O017-01	01_BOIS_Base_Core_v2.22_EN.pdf	n-o017-01	118	a9d914f8fd04311a75e4df912608a29c2f1c435923b788f28b4ea1dcbd1c9622	PASS
N-O017-02	01_BOIS_Base_Core_v2.22_EN.pdf	n-o017-02	118	00f729b6287481308c71a08105c212ebfeb1e5d0065f25e97cecb9ce4498777c	PASS
N-O017-03	01_BOIS_Base_Core_v2.22_EN.pdf	n-o017-03	119	4575ccd8132a2c281cd811bee08d7328b87fb694b81702cb6626c9686edd500a	PASS
N-O017-04	01_BOIS_Base_Core_v2.22_EN.pdf	n-o017-04	119	aff8051a9ff1c30372685a9c349e8e317db78abcc79a4106efc93964b38d9d27	PASS
N-O017-05	01_BOIS_Base_Core_v2.22_EN.pdf	n-o017-05	120	01d4ddfb15fd916f810c729d22a263690523c51256af4a9985c3192f2b364da7	PASS
N-O017-06	01_BOIS_Base_Core_v2.22_EN.pdf	n-o017-06	120	11af34cf357d2523ada52a3e0629bd92ddac0e947c5bb323d2da6311140fe577	PASS
N-O017-07	01_BOIS_Base_Core_v2.22_EN.pdf	n-o017-07	121	99dbf377138127b522b94881b92da7b15f45a46e21cc8334819b443f9997a9bb	PASS
N-O017-10	01_BOIS_Base_Core_v2.22_EN.pdf	n-o017-10	121	50185f94bf2a7cc861d3eb94918ff50f57b0441af6c5622ca39fa7435004d19a	PASS
N-O018-01	01_BOIS_Base_Core_v2.22_EN.pdf	n-o018-01	122	a55bc6d256f1390dec6b487aba7f4e89679272e8eddbe4d5dce0ce2bc0b6a166	PASS
N-O018-02	01_BOIS_Base_Core_v2.22_EN.pdf	n-o018-02	122	5ef72836cccee16008ced16840ae88eee828f94d755f4c1732d960ab3e749750	PASS
N-O018-03	01_BOIS_Base_Core_v2.22_EN.pdf	n-o018-03	123	bbc4a4bd75b736eea37eb2a8571b9b20452053a7a3c95be265f29d707ca7ac9e	PASS
N-O018-04	01_BOIS_Base_Core_v2.22_EN.pdf	n-o018-04	123	07a1dcf265bcfa854b52fff7bfa7f26bbae60f5ae07eda6448ddfc852150531b	PASS
N-O018-05	01_BOIS_Base_Core_v2.22_EN.pdf	n-o018-05	123	95c0372ca17bc7b2831a7065b5aa1153b28c5efe58a7ea28fa0576bc9ba01591	PASS
N-O018-06	01_BOIS_Base_Core_v2.22_EN.pdf	n-o018-06	124	dfa106c542b97744a967ead141cc1f2f32937d375a668afde904ed9c692ae2fe	PASS
N-O018-07	01_BOIS_Base_Core_v2.22_EN.pdf	n-o018-07	125	ff99ce57d81ce1d2048232cac92408f8460728e8c87d953ad04a72d63f123aed	PASS
N-O018-10	01_BOIS_Base_Core_v2.22_EN.pdf	n-o018-10	125	81653390ab8e78467918323163471a9ea33fbe9c7d8efcc1e12621e633b54a51	PASS
N-O019-01	01_BOIS_Base_Core_v2.22_EN.pdf	n-o019-01	126	daf0c73fc63b79c0ebeb9df864499d03941df1a6c60cbab1ec3a0a9f6a0a7c60	PASS
N-O019-02	01_BOIS_Base_Core_v2.22_EN.pdf	n-o019-02	126	cbc07330f4c07b0dccce5d3353df75396cea82aa1bc6be61eac8304c9c05c5d5	PASS
N-O019-03	01_BOIS_Base_Core_v2.22_EN.pdf	n-o019-03	127	8128ffce59c46a89acb8e1499375b562466991a842bdae797793adf4edca3370	PASS
N-O019-04	01_BOIS_Base_Core_v2.22_EN.pdf	n-o019-04	127	a478b2c6b460e6a0eaa80cbd60757088a565eb9b4314b07518c86faeb10f9e5a	PASS
N-O019-05	01_BOIS_Base_Core_v2.22_EN.pdf	n-o019-05	128	db1459a730917f47b09c6d1520020002766a72504f24ca2f8be5789cad402766	PASS
N-O019-06	01_BOIS_Base_Core_v2.22_EN.pdf	n-o019-06	128	e4cde4d64dfa7b6dee5454cf0d6abb091f78009e41bdd4317754f110dc752991	PASS
N-O019-07	01_BOIS_Base_Core_v2.22_EN.pdf	n-o019-07	129	48e096f11de67bb1c53fd8f732eca8a80160ea0e49120399e11a8c8a001d5fd7	PASS
N-O019-10	01_BOIS_Base_Core_v2.22_EN.pdf	n-o019-10	129	4df0fa7e73247d13f9ae7efcf661da5bdb394a1cee642f44accbb7ea179771c6	PASS
N-O020-01	01_BOIS_Base_Core_v2.22_EN.pdf	n-o020-01	130	cd2c0b5182c2349456c03aac8977455a54bacaa1d897e761f60854152187c712	PASS
N-O020-02	01_BOIS_Base_Core_v2.22_EN.pdf	n-o020-02	130	aa714b24e6796de9c4cfdd86ff375762cbf22100d5cf933292292ceb9ba16a1d	PASS
N-O020-03	01_BOIS_Base_Core_v2.22_EN.pdf	n-o020-03	131	8aff4159cdfd4ed35c247f75486d5071701c2af950a7155ebce1d039ea07e699	PASS
N-O020-04	01_BOIS_Base_Core_v2.22_EN.pdf	n-o020-04	131	79cabd90346e3954bcbaabfdf1d07983487a86816e9c66e3db50798d1647c278	PASS
N-O020-05	01_BOIS_Base_Core_v2.22_EN.pdf	n-o020-05	132	09f00179e68bf5b4a2413b5c2e86e20e34fbe9ac1943104183c39c1d8e2e0870	PASS
N-O020-06	01_BOIS_Base_Core_v2.22_EN.pdf	n-o020-06	132	d341d2945d33c7fe029cebad322a55b1c0c024297992ac4f4aa462e962614924	PASS
N-O020-07	01_BOIS_Base_Core_v2.22_EN.pdf	n-o020-07	133	b0eb550ee1f8223bbdd316c373b7f346b3d8fc524b98836c246e939de34e2971	PASS
N-O020-10	01_BOIS_Base_Core_v2.22_EN.pdf	n-o020-10	133	32eb1cd1973d5c6ea3eeb3d87e23fe4880b5bc00a456c5af715fc9fb87a49bf5	PASS
N-O021-01	01_BOIS_Base_Core_v2.22_EN.pdf	n-o021-01	134	102c22871be31adfbd5de5f7b11b7c2f0e79977217554ac4e5a357f9419ac795	PASS
N-O021-02	01_BOIS_Base_Core_v2.22_EN.pdf	n-o021-02	134	ff7904610202f327e919810d7ce769ad055807135516681a4ff13a9ab7ec1743	PASS
N-O021-03	01_BOIS_Base_Core_v2.22_EN.pdf	n-o021-03	135	76576cb894e4237b7df9a03276f217d4d107937fe3c48530a78f6d2012b19886	PASS
N-O021-04	01_BOIS_Base_Core_v2.22_EN.pdf	n-o021-04	135	69ff381051308a7c228e3380977cf449a5e42059b4a9f7ec7b78735d68f91986	PASS
N-O021-05	01_BOIS_Base_Core_v2.22_EN.pdf	n-o021-05	136	99702f9f78bd2cf1c0faf6e38da111ae2df1aee089d2f11828ff935277564c3f	PASS
N-O021-06	01_BOIS_Base_Core_v2.22_EN.pdf	n-o021-06	136	211a139e2bf10ac8bddbcca090b5c33634a0bfced2d9b1a96e8ee7f8a07b9c9e	PASS
N-O021-07	01_BOIS_Base_Core_v2.22_EN.pdf	n-o021-07	137	0413bdbda80918e7b35a8733a027a05ebe9ece70e07d299abfe48e484f447c77	PASS
N-O021-10	01_BOIS_Base_Core_v2.22_EN.pdf	n-o021-10	137	a98d52e208d2b24dd8c5721b50a9e573fa66c9e9462e446877d89cacb50c0050	PASS
N-O022-01	01_BOIS_Base_Core_v2.22_EN.pdf	n-o022-01	138	8abc2cf506e6314069fab631f46dc97fd6cf34772fc27e66401269f1041c8657	PASS
N-O022-02	01_BOIS_Base_Core_v2.22_EN.pdf	n-o022-02	138	4ce455c2c129a323a5a4ec88a14cd76e98673262271cb03a15b0aef8700287f0	PASS
N-O022-03	01_BOIS_Base_Core_v2.22_EN.pdf	n-o022-03	139	709165c293822ab65f02921c1e8b1ca572cd80c31d49102e047c99d862e9bb41	PASS
N-O022-04	01_BOIS_Base_Core_v2.22_EN.pdf	n-o022-04	139	8737d26fb8bb02ed16bca2f060fe7a467a744b18a5daf8845c694c853552c111	PASS
N-O022-05	01_BOIS_Base_Core_v2.22_EN.pdf	n-o022-05	139	0cceda4ef00cc5499189b71504dbae53be24640a14da8438f27f11cdf0dbf255	PASS
N-O022-06	01_BOIS_Base_Core_v2.22_EN.pdf	n-o022-06	140	ed853016a989eef5dd1d10191d0b88ca7c57bf4d7ebe9a8065ab9868aa8f395d	PASS
N-O022-07	01_BOIS_Base_Core_v2.22_EN.pdf	n-o022-07	140	336ba5c0285add67640b718b59a8be2b9a7a671db9195a6d8bb897dc16306afc	PASS
N-O022-10	01_BOIS_Base_Core_v2.22_EN.pdf	n-o022-10	141	f75dfb4a1bceeb58da6fb3e745be6f572f71f5204494b2705d11dbff53403848	PASS
N-O023-01	01_BOIS_Base_Core_v2.22_EN.pdf	n-o023-01	141	f6ffcf19365bb6e1f18561786e62607ec44a50cb7f88f8a25c9ebe9ac4fe8cd8	PASS
N-O023-02	01_BOIS_Base_Core_v2.22_EN.pdf	n-o023-02	142	546a1821d9d7a77aff865187d0b2d4107232ef3f7092dbbc1ce29ffaa9b101bd	PASS
N-O023-03	01_BOIS_Base_Core_v2.22_EN.pdf	n-o023-03	142	eff55886c6e52872598cf10e7877b630f1c050a4128c8d4479792ea2707a2335	PASS
N-O023-04	01_BOIS_Base_Core_v2.22_EN.pdf	n-o023-04	143	74c79904143aa161e3d7a983741f725f529326553d176642e25e6dd622f584f8	PASS
N-O023-05	01_BOIS_Base_Core_v2.22_EN.pdf	n-o023-05	143	a31144f43af76a7e4701ce1f870b1c575f03e908d37cdc72e921626f3c9d0186	PASS
N-O023-06	01_BOIS_Base_Core_v2.22_EN.pdf	n-o023-06	144	8e403fede91c7e47d55d4f6cd74e14aed7ce63c299b64028d7e2186c710a014b	PASS
N-O023-07	01_BOIS_Base_Core_v2.22_EN.pdf	n-o023-07	144	b317fae938058d7b279b3d34463eeb94d0fea3634ba4d16ad5f1a6f2ed3946d4	PASS
N-O023-10	01_BOIS_Base_Core_v2.22_EN.pdf	n-o023-10	145	4f2e5e8078523c96db8a870569287a5b164ebc06af8943b165acd46de0a48974	PASS
N-O024-01	01_BOIS_Base_Core_v2.22_EN.pdf	n-o024-01	145	af0ebad0b6fdaaee5bd37f5c249fbaa16a69263edb8335415a132b906054dbde	PASS
N-O024-02	01_BOIS_Base_Core_v2.22_EN.pdf	n-o024-02	146	4cca378ffef56298ead3e2cb3b108b498aa73cefdc25ea58dfa180cfdae4ddc1	PASS
N-O024-03	01_BOIS_Base_Core_v2.22_EN.pdf	n-o024-03	146	65c6cd65127cbb6e677c42354e23ef37992a03c0af5b4f38c7cdbfd11dddadbd	PASS
N-O024-04	01_BOIS_Base_Core_v2.22_EN.pdf	n-o024-04	147	552f8110ec18dd83dc5624f727e521dae2c6004eeedaadcccc95fb1ba6a86c44	PASS
N-O024-05	01_BOIS_Base_Core_v2.22_EN.pdf	n-o024-05	147	9e3de46dcf5bbed958621cc6067e14331f20c1c0e7cec14bf0d94a31d7cdbc22	PASS
N-O024-06	01_BOIS_Base_Core_v2.22_EN.pdf	n-o024-06	148	2b92b3ea113611dd526b8712ed3c3a777aacb087770ef644e6db10bcca07e098	PASS
N-O024-07	01_BOIS_Base_Core_v2.22_EN.pdf	n-o024-07	148	dd9bfbbcee654b1957acdeada31e2c53c340bae8f53f976fd70ddb2e26cfb498	PASS
N-O024-10	01_BOIS_Base_Core_v2.22_EN.pdf	n-o024-10	149	ca63de4b752a7b9a13a425f5349f497e5650540b71de8b46d89313eeab95c621	PASS
N-O025-01	01_BOIS_Base_Core_v2.22_EN.pdf	n-o025-01	149	e4ffd17500da80a5c2b68e766420280ce0b5eb55d51a8ba096f5ad7c672a1975	PASS
N-O025-02	01_BOIS_Base_Core_v2.22_EN.pdf	n-o025-02	150	ac3104cccf69f0796743e5f22a1cce9c00e30300e8a95d3e8ef9c4bd13b79ddb	PASS
N-O025-03	01_BOIS_Base_Core_v2.22_EN.pdf	n-o025-03	150	fe57b9484c7a424470a26ea176d009312fb57f9002dc7ac2ab659e22921f9a1b	PASS
N-O025-04	01_BOIS_Base_Core_v2.22_EN.pdf	n-o025-04	151	5a3d746aeedd43ac4343d2962d648ae5b988bff6706eef0d94126f4e13146027	PASS
N-O025-05	01_BOIS_Base_Core_v2.22_EN.pdf	n-o025-05	151	71cd5e0b8fe54651ce9a6daa81280a5f862d9cb81ba5e57bd1dde4eaf02f7352	PASS
N-O025-06	01_BOIS_Base_Core_v2.22_EN.pdf	n-o025-06	152	90e9de40c55008b024eed1019af5d33ed9737662348dc9993ccfa2736702b78e	PASS
N-O025-07	01_BOIS_Base_Core_v2.22_EN.pdf	n-o025-07	152	9ffb95f54c010f7acc2011dacc6bbbe4cc977c04d3acafb1046bb7fe957baef0	PASS
N-O025-10	01_BOIS_Base_Core_v2.22_EN.pdf	n-o025-10	153	62cfa85a64f94f6cd3d0c17b5183eb1f77a0cadd9a3abdcdff100942fb090c4f	PASS
N-O026-01	01_BOIS_Base_Core_v2.22_EN.pdf	n-o026-01	153	427fa66de886c9c708c02806f02fd3a5bfe7076e17745634eeab7d7029178083	PASS
N-O026-02	01_BOIS_Base_Core_v2.22_EN.pdf	n-o026-02	154	ee4ec0515b0953be525b9e6faaab6aea3a599826ed9b90a4a5e9c94a9fbba4d3	PASS
N-O026-03	01_BOIS_Base_Core_v2.22_EN.pdf	n-o026-03	154	78799135a2985bee947612a198e0c909172d19825ac8c0a38c718960918f335e	PASS
N-O026-04	01_BOIS_Base_Core_v2.22_EN.pdf	n-o026-04	155	46cba14d92df1a1eb11be437758494715415102fd4e1290e3dacabd387e3c19f	PASS
N-O026-05	01_BOIS_Base_Core_v2.22_EN.pdf	n-o026-05	155	d24a6b262f4212c089ad59aa03ebd58113449091babdf3c1de8256ef8e487d65	PASS
N-O026-06	01_BOIS_Base_Core_v2.22_EN.pdf	n-o026-06	156	948c4bc3d152855b877fc98345021ef3a05647c472e3ec303f5e264818777fbc	PASS
N-O026-07	01_BOIS_Base_Core_v2.22_EN.pdf	n-o026-07	156	97642976080e11b0a5d0dcef261b85e7e619527b9f2c5da53380abb20f16a817	PASS
N-O026-10	01_BOIS_Base_Core_v2.22_EN.pdf	n-o026-10	157	0a808b62cf678ecd6b095568c6455f9c7f10c5efe383219e55c7fb834fdafa81	PASS
N-O027-01	01_BOIS_Base_Core_v2.22_EN.pdf	n-o027-01	157	96851b363c6aa8812b2d7f8a64729b2c8019c3dc329fc540dcb3cac549cfa954	PASS
N-O027-02	01_BOIS_Base_Core_v2.22_EN.pdf	n-o027-02	158	a47b0c3b8bc87e5538104f412d7e5b85b421fdf650bc218065fa981c13c9d91d	PASS
N-O027-03	01_BOIS_Base_Core_v2.22_EN.pdf	n-o027-03	158	5a3281ee162b341c5f69b87d6002580fc0eeb863fdcaa1a079b4c50a2acc1d75	PASS
N-O027-04	01_BOIS_Base_Core_v2.22_EN.pdf	n-o027-04	159	38387a67ab1aa0dc611163216db6770ad5b97ee2a0c7cf04dd3aca3d0f7de27f	PASS
N-O027-05	01_BOIS_Base_Core_v2.22_EN.pdf	n-o027-05	159	165deb99f708db71c99f6d0c26ee622bbdcc7e33a5ac18060d7de385f2cb9bcc	PASS
N-O027-06	01_BOIS_Base_Core_v2.22_EN.pdf	n-o027-06	160	8d2927701fdaee71447585eebd26375db678fc4e8b3da97693be2d2549ba6c90	PASS
N-O027-07	01_BOIS_Base_Core_v2.22_EN.pdf	n-o027-07	160	dc9fa0f582706ead3c73ae0d7b0dfbd7c7ce47e0480afc617aff800221ea5785	PASS
N-O027-10	01_BOIS_Base_Core_v2.22_EN.pdf	n-o027-10	161	737c5d7fc5a2d08302c7f4460edacf7be76401a0c00b3e854757b3f9e62d9660	PASS
N-O028-01	01_BOIS_Base_Core_v2.22_EN.pdf	n-o028-01	161	6e5b7b6e693376705a4b4dfce35773ba15d7c5f57aa3e43330bf9e71e6c3fe32	PASS
N-O028-02	01_BOIS_Base_Core_v2.22_EN.pdf	n-o028-02	162	67840165938bb467cc4a052df936096e0ca49e25c0cbe317ea0ecaa565c72928	PASS
N-O028-03	01_BOIS_Base_Core_v2.22_EN.pdf	n-o028-03	162	dc6573727068e2aa16747f1aa9eb0427ef9e6e5bb282c8f3f8782362a61f51a6	PASS
N-O028-04	01_BOIS_Base_Core_v2.22_EN.pdf	n-o028-04	163	ba9110262ef2729bcbaf02f01a77b98a5e1b119d84dc464329a55fef903068a0	PASS
N-O028-05	01_BOIS_Base_Core_v2.22_EN.pdf	n-o028-05	163	3dc18fd66c5c2d692a34b023e07feb1ce9da5057c6bb6f976f55d9dcf70dff8d	PASS
N-O028-06	01_BOIS_Base_Core_v2.22_EN.pdf	n-o028-06	164	de46a41959e0d1bc72929d3712376b8856cfb9b66f8d4fbdc6e475628d937ed3	PASS
N-O028-07	01_BOIS_Base_Core_v2.22_EN.pdf	n-o028-07	164	430d2f3d6732c9e30692b12925a51674393562ae9262dd50e5c0c265468d2d5d	PASS
N-O028-10	01_BOIS_Base_Core_v2.22_EN.pdf	n-o028-10	165	eb4dc8597941d5e8caa33f52265940a0c7c4109aab3da863e45a829d6bf91127	PASS
T-N-001	02_Temnik_Personal_Layer_v2.22_EN.pdf	t-n-001	3	6fe9e1680ea2dd09ef2cf3857b83aca07fb33f6067d106a24c36897c91816120	PASS
T-N-002	02_Temnik_Personal_Layer_v2.22_EN.pdf	t-n-002	3	96eba85ef4cd124950d925403b698830d15ea49885fd968551668a27d853ca97	PASS
T-N-003	02_Temnik_Personal_Layer_v2.22_EN.pdf	t-n-003	4	9cd971333f69bde9947bddd65754a0fbb70e3d2395e3cb9bde6fa83094fc0cb2	PASS
T-N-004	02_Temnik_Personal_Layer_v2.22_EN.pdf	t-n-004	4	e454716633af64284244a7566b5a2c46e1d1be3afb426b3cc46bfd8e34404c9a	PASS
T-N-005	02_Temnik_Personal_Layer_v2.22_EN.pdf	t-n-005	5	4df13c9d72094f1fcd1c945716945229f04035de92276e1e99f8b813af8177c1	PASS
T-N-007	02_Temnik_Personal_Layer_v2.22_EN.pdf	t-n-007	5	59dae05a24c0c654894a87b61d81be4cf20d81eda3c75330ad5b9bc83a543746	PASS
T-N-008	02_Temnik_Personal_Layer_v2.22_EN.pdf	t-n-008	6	52c37f3bb94f36cdb10a309ce4157e4a0d63706fdf8c6bfacb1eda7e98abaa2f	PASS
T-N-009	02_Temnik_Personal_Layer_v2.22_EN.pdf	t-n-009	6	be08b8b501782acb09c623a700f548a0139bdf4a43e541c5765559f6f2c79edd	PASS
T-N-010	02_Temnik_Personal_Layer_v2.22_EN.pdf	t-n-010	7	913cb93519e11534fbe11128f443f0c2079d708f5a9b7a5db04c46f2a2c5b40f	PASS
T-N-011	02_Temnik_Personal_Layer_v2.22_EN.pdf	t-n-011	7	e733904e3ea69e52ef4b57754a28f793e79158edf46683fa953e70010423bd2f	PASS
T-N-012	02_Temnik_Personal_Layer_v2.22_EN.pdf	t-n-012	7	b74da42670fe6790c25ba02bd4115bfb21a2a3c072df1ebcc2a75fd62381a3dc	PASS
T-N-013	02_Temnik_Personal_Layer_v2.22_EN.pdf	t-n-013	8	2544ad0c92ad0b2171050beb1ae7e68144838a6645813357351db31c236c8853	PASS
T-N-014	02_Temnik_Personal_Layer_v2.22_EN.pdf	t-n-014	8	7316567952966020bf6aa03a75035226a42a3e2418014e4ca90e6f3d04c970db	PASS
T-N-015	02_Temnik_Personal_Layer_v2.22_EN.pdf	t-n-015	9	fe5779ff82038116052db99818ea6639b95935a218b7a261a47737c87ac90652	PASS
T-N-016	02_Temnik_Personal_Layer_v2.22_EN.pdf	t-n-016	9	f1f27c041eec710dcfd0b3098dc13a7b03e339cb643ae5e42f55acbe8b48b1a2	PASS
T-N-017	02_Temnik_Personal_Layer_v2.22_EN.pdf	t-n-017	10	7cd1a79dee565572b921fa1cb21ac9bf8e811c197ad25ebf1698fcca2e50ca3c	PASS
T-N-018	02_Temnik_Personal_Layer_v2.22_EN.pdf	t-n-018	10	d0dff999f7aac6a20a1efc901602592f9e3e27443cd699b731d25cae53c4b6f1	PASS
T-N-019	02_Temnik_Personal_Layer_v2.22_EN.pdf	t-n-019	11	aa3bd6348ede07f1ec9e7a7b5e08042eff20a88c322f93c9b4b9c72cf5c4fcd1	PASS
T-N-020	02_Temnik_Personal_Layer_v2.22_EN.pdf	t-n-020	11	c4f681637368b06149f539eb7e440d920ab1638a18cf70d402cd4b47835b213b	PASS
T-N-021	02_Temnik_Personal_Layer_v2.22_EN.pdf	t-n-021	12	15d376dba02997a7f1b85dc610f09a280b458442c11ddbf740095c207bd48884	PASS
T-N-022	02_Temnik_Personal_Layer_v2.22_EN.pdf	t-n-022	12	839ae96151d52070264d169cb3f30027e0df1a33cebfd0fcf0a27ff8bfcfc972	PASS
T-N-024	02_Temnik_Personal_Layer_v2.22_EN.pdf	t-n-024	13	4855e95b90ab2f984f48b85a9abdf4092ac2aaa5cde2aef2c0cc3cbaa08d9d75	PASS
T-N-025	02_Temnik_Personal_Layer_v2.22_EN.pdf	t-n-025	13	ba39824dd77e3058fe0334937fd98de64aab9b2fd2ab5043798eae2fb3508486	PASS
T-N-026	02_Temnik_Personal_Layer_v2.22_EN.pdf	t-n-026	14	933cbde5bb86f1b272a70a18e191cbeb7345384d9ee2308130a0308a657be872	PASS
T-N-027	02_Temnik_Personal_Layer_v2.22_EN.pdf	t-n-027	14	17179758ca72762e8298adcc395b547c988db1a60932d6bb51fbb0bbee10c2a1	PASS
T-N-028	02_Temnik_Personal_Layer_v2.22_EN.pdf	t-n-028	15	3cbc98180c806a6b8dee74d45c299a71e629b6ace2027d7df754e0f35d98eeb3	PASS
T-N-029	02_Temnik_Personal_Layer_v2.22_EN.pdf	t-n-029	15	db7908aca1b564cc93770c7a1b59faf7745c3df67ebab21a9091c573636990a5	PASS
T-N-030	02_Temnik_Personal_Layer_v2.22_EN.pdf	t-n-030	15	8032443b92bf5e659c6364ddf8358469168e670424547d2e5ca09e84fc843f67	PASS
T-N-031	02_Temnik_Personal_Layer_v2.22_EN.pdf	t-n-031	16	fcd51e39cc5754bff2462ecc533d6122a13fb8e0421f168e681583200b9065ed	PASS
T-N-032	02_Temnik_Personal_Layer_v2.22_EN.pdf	t-n-032	16	f88d89624d5ee31d0feafa74ebf038e785948dd30994e84cf3a894ebca7e2b93	PASS
T-N-033	02_Temnik_Personal_Layer_v2.22_EN.pdf	t-n-033	17	c3103ea402561376e40213534b15b595a98c962083cf8dd4df7ecc7087415414	PASS
T-N-034	02_Temnik_Personal_Layer_v2.22_EN.pdf	t-n-034	17	562ba45bfda02383a955989f3265bb3b536306f48b9566716f017d9916ca802c	PASS
T-N-035	02_Temnik_Personal_Layer_v2.22_EN.pdf	t-n-035	18	497c09246fa3fd397dd04d0935f8e4540c5c8d40d08d7229243467c206c4353b	PASS
T-N-036	02_Temnik_Personal_Layer_v2.22_EN.pdf	t-n-036	18	2aa20508cba93656b4b880d686f271c7514416675bce0db56969e851cacfbe42	PASS
T-N-037	02_Temnik_Personal_Layer_v2.22_EN.pdf	t-n-037	19	ce0bffc6f6feae3698e0289f4c9a0bca35810077e8681f86e903117fbf719605	PASS
T-N-038	02_Temnik_Personal_Layer_v2.22_EN.pdf	t-n-038	19	2cd14dfc1569ffaaf800d11c0c56c3e32527e833581dd00ec132a84460a09904	PASS
T-N-039	02_Temnik_Personal_Layer_v2.22_EN.pdf	t-n-039	20	395473fe0d47ba5b2ceb078abfc0093c38d188683de7dfaa08b0ba901b8a95e9	PASS
T-N-040	02_Temnik_Personal_Layer_v2.22_EN.pdf	t-n-040	20	1320efded7576ac97e4ce4c090acddc67d47bcf00742b8ad298387d2cafd11f3	PASS
T-N-041	02_Temnik_Personal_Layer_v2.22_EN.pdf	t-n-041	21	3d430ae07ba9273dcf0303430f6a90ada808f901008a920a89e2189fcb439913	PASS
T-N-042	02_Temnik_Personal_Layer_v2.22_EN.pdf	t-n-042	21	88f7b65c4b0eb8b502913076ebf2f2301e02205345d473aa8a4e4324ff467acd	PASS
T-N-043	03_Publication_Candidates_v2.22_EN.pdf	t-n-043	3	a9486d1d4e14e617d73747e4304db95cbf7d4ecb786c816e6f1173ffac67d357	PASS
